spec,freq,sampling,model,sigma_v,se_sigma_v,sigma_J,se_sigma_J,kappa,se_kappa,theta,lambda,j_stat,j_dof,j_pvalue,n_real,n_sim,objective
D/calendar,D,calendar,ConstantVol,0.000000,,0.000000,,5.000000,,0.029414,0.017870,1221270.206366,5,0.000000,4141,82820,309.667645
D/calendar,D,calendar,Heston,0.276885,0.000534,0.000000,,0.418079,0.000692,0.029414,0.017870,599372.310223,3,0.000000,4141,82820,151.978007
D/calendar,D,calendar,Merton,0.000000,,1.642969,0.001202,5.000000,,0.029414,0.017870,526450.315139,4,0.000000,4141,82820,133.487764
D/calendar,D,calendar,Bates,0.049622,0.000071,1.568165,0.001555,0.000331,0.000001,0.029414,0.017870,120355.802387,2,0.000000,4141,82820,30.517651
2D/calendar,2D,calendar,ConstantVol,0.000000,,0.000000,,5.000000,,0.062317,0.017366,268145.678697,5,0.000000,2073,41460,135.819085
2D/calendar,2D,calendar,Heston,0.463850,0.001545,0.000000,,0.442395,0.000736,0.062317,0.017366,91025.326483,3,0.000000,2073,41460,46.105448
2D/calendar,2D,calendar,Merton,0.000000,,1.677161,0.001968,5.000000,,0.062317,0.017366,117095.458928,4,0.000000,2073,41460,59.310290
2D/calendar,2D,calendar,Bates,0.059538,0.000070,1.717723,0.002815,0.000192,0.000003,0.062317,0.017366,1000.258546,2,0.000000,2073,41460,0.506643
3D/calendar,3D,calendar,ConstantVol,0.000000,,0.000000,,5.000000,,0.100489,0.017404,299954.592688,5,0.000000,1379,27580,228.391822
3D/calendar,3D,calendar,Heston,0.158602,0.000313,0.000000,,0.009374,0.000013,0.100489,0.017404,23198.534429,3,0.000000,1379,27580,17.663859
3D/calendar,3D,calendar,Merton,0.000000,,1.987571,0.002642,5.000000,,0.100489,0.017404,192794.556722,4,0.000000,1379,27580,146.797886
3D/calendar,3D,calendar,Bates,0.052066,0.000640,1.363181,0.003666,0.000910,0.000011,0.100489,0.017404,17572.958710,2,0.000000,1379,27580,13.380425
4D/calendar,4D,calendar,ConstantVol,0.000000,,0.000000,,5.000000,,0.122939,0.021318,53107.158002,5,0.000000,1032,20640,54.033446
4D/calendar,4D,calendar,Heston,0.841417,0.004487,0.000000,,0.872487,0.005511,0.122939,0.021318,15528.825362,3,0.000000,1032,20640,15.799677
4D/calendar,4D,calendar,Merton,0.000000,,1.624174,0.002895,5.000000,,0.122939,0.021318,8727.764940,4,0.000000,1032,20640,8.879993
4D/calendar,4D,calendar,Bates,0.228111,0.001813,1.623565,0.003724,0.100178,0.001873,0.122939,0.021318,1101.030396,2,0.000000,1032,20640,1.120234
D/revision,D,revision,ConstantVol,0.000000,,0.000000,,5.000000,,0.054327,0.019157,1087805.062619,5,0.000000,2610,52200,437.622726
D/revision,D,revision,Heston,0.138889,0.000229,0.000000,,0.015204,0.000028,0.054327,0.019157,73767.857774,3,0.000000,2610,52200,29.676724
D/revision,D,revision,Merton,0.000000,,1.577429,0.001419,5.000000,,0.054327,0.019157,741417.747658,4,0.000000,2610,52200,298.271508
D/revision,D,revision,Bates,0.049999,0.000311,1.024072,0.001624,0.000823,0.000018,0.054327,0.019157,66913.990840,2,0.000000,2610,52200,26.919422
D/calendar-matched,D,calendar-matched,ConstantVol,0.000000,,0.000000,,5.000000,,0.029829,0.018911,1600357.673862,5,0.000000,3913,78260,429.434081
D/calendar-matched,D,calendar-matched,Heston,0.278311,0.000354,0.000000,,0.273297,0.000488,0.029829,0.018911,507888.271089,3,0.000000,3913,78260,136.284867
D/calendar-matched,D,calendar-matched,Merton,0.000000,,1.492146,0.001168,5.000000,,0.029829,0.018911,973882.154282,4,0.000000,3913,78260,261.327948
D/calendar-matched,D,calendar-matched,Bates,0.062523,0.000111,1.156850,0.001165,0.002435,0.000025,0.029829,0.018911,227108.200563,2,0.000000,3913,78260,60.941378
