diagnostic,statistic,value
panel,n_contracts,50
panel,n_increments,82800
fat_tails,excess_kurtosis,78.6031
fat_tails,jarque_bera_stat,2.13176e+07
fat_tails,jarque_bera_p,0
fat_tails,n,82800
vol_clustering,mean_acf_squared[1],0.0183505
vol_clustering,mean_acf_squared[2],0.0205513
vol_clustering,mean_acf_squared[3],0.023386
vol_clustering,mean_acf_squared[5],0.0203493
vol_clustering,mean_acf_squared[10],0.0223032
vol_clustering,lb_reject_fraction,0.38
vol_clustering,lb_n_contracts,50
agg_gaussianity,kurtosis_by_k[1],78.6031
agg_gaussianity,kurtosis_by_k[2],39.9328
agg_gaussianity,kurtosis_by_k[4],21.4214
agg_gaussianity,kurtosis_by_k[8],11.437
agg_gaussianity,kurtosis_by_k[16],6.35151
agg_gaussianity,kurtosis_by_k[32],2.93154
agg_gaussianity,kurtosis_by_k[64],1.12586
agg_gaussianity,n_by_k[1],82800
agg_gaussianity,n_by_k[2],41400
agg_gaussianity,n_by_k[4],20700
agg_gaussianity,n_by_k[8],10350
agg_gaussianity,n_by_k[16],5150
agg_gaussianity,n_by_k[32],2550
agg_gaussianity,n_by_k[64],1250
agg_gaussianity_unstd,kurtosis_by_k[1],41.3773
agg_gaussianity_unstd,kurtosis_by_k[2],27.786
agg_gaussianity_unstd,kurtosis_by_k[4],20.4951
agg_gaussianity_unstd,kurtosis_by_k[8],17.0335
agg_gaussianity_unstd,kurtosis_by_k[16],14.3536
agg_gaussianity_unstd,kurtosis_by_k[32],13.9897
agg_gaussianity_unstd,kurtosis_by_k[64],11.7992
agg_gaussianity_unstd,n_by_k[1],82800
agg_gaussianity_unstd,n_by_k[2],41400
agg_gaussianity_unstd,n_by_k[4],20700
agg_gaussianity_unstd,n_by_k[8],10350
agg_gaussianity_unstd,n_by_k[16],5150
agg_gaussianity_unstd,n_by_k[32],2550
agg_gaussianity_unstd,n_by_k[64],1250
boundary_scaling,slope,-0.290981
boundary_scaling,intercept,0.124328
boundary_scaling,se_slope_cluster,0.0244347
boundary_scaling,t_stat,-11.9085
boundary_scaling,n_obs,82750
boundary_scaling,n_contracts,50
time_effect,levene_stat,33.3962
time_effect,levene_p,7.57104e-09
time_effect,mean_log_var_ratio,0.243306
time_effect,log_var_ratio_tstat,1.24438
time_effect,log_var_ratio_p,0.219278
time_effect,n_contracts,50
