ticker,platform,kappa,theta,xi,rho,v0,lambda_j,mu_j,sigma_j,feller_satisfied,converged,mse,log_likelihood,log_likelihood_heston,lr_statistic,p_value_jump_significance,n_obs
0x04787bbd66241501604f377f11b897879c1593b019bb3363dac0a73e99b4a131,polymarket,0.01,9.999995125746317,0.38968161124853007,-0.5,1e-06,97.5018291538075,0.0,1.1153473979039112,True,True,366.8209581792157,-791.2696593629016,-897.1269889411449,211.7146591564865,1.2405046652122436e-45,181
0x0b7c6545b913133ccde713feb3599cae65325030bbe3e1bdf99943e5f5ef3464,polymarket,1.9399814747450799,10.0,0.5,-0.3,5.0,100.0,5.0,3.0,True,True,4078.8608337860182,-217.8446842252642,-329.35845248304014,223.0275365155519,4.448764665425033e-48,39
0x0fb3a064027b95de36af33e6b88b9bbd56f9e80707fe828c542daa3bd38f9001,polymarket,0.01,10.0,0.01,-0.3,1e-06,100.0,5.0,3.0,True,True,4365.528091891611,-168.29165726416227,-200.9819658210702,65.38061711381584,4.158535532544216e-14,30
0x1070c27e30447364ed6602778729203d29aaa8860cb0a24779eb3a26f68b245f,polymarket,0.01,9.999601088796904,0.01,-0.5,1e-06,99.98983927439443,0.0,1.3768845344064964,True,True,3286.00009486732,-1388.7887218222245,-1511.213868483167,244.85029332188515,8.503304061605448e-53,254
0x13d3e3531ecc4d6096ffe53c9a34f73ea56ed9b4404f87366e708d3d3a7be699,polymarket,0.01,3.492753607642399,0.13192783851948464,0.5,1e-06,22.810963198111118,-2.24208584238765,1.5990176847541437,True,True,3854.249477467373,-1458.968277419386,-1562.5363920981972,207.1362293576226,1.210846452237272e-44,263
0x19120414e0b7b170bb81ab518317f6926c2bb633167e4b11981ef7c078cea739,polymarket,0.01,9.969384344739433,0.4445317720186482,-0.3,1e-06,99.98720865670704,0.0,1.6765039875497016,True,True,2212.2616162381823,-822.2682220496829,-904.6315505274365,164.72665695550722,1.7498297357046311e-35,156
0x1e14c1e407a8aa7a727fadf74049b255a93f1c22f137d6a244ea64604b5b36d5,polymarket,0.01,3.810154852889792,0.01,0.0,1e-06,41.6744760531324,2.755242984694685,1.9200583909107145,True,True,4670.835250813672,-654.7614119663717,-705.8021831896993,102.08154244665525,5.5447497126634005e-22,116
0x1e3afb4a670b4c28b8a2742ef61830023bb39809260af94908392cc7c9fdb7ca,polymarket,0.01,10.0,0.44721347070872836,-0.3,5.0,100.0,5.0,3.0,True,True,16916.605179600032,-178.8712496191038,-181.61379818180097,5.485097125394361,0.1395326964047666,20
0x26000a18ec71be1c8dc92eeb52d274d561da9081bdae520968bb27f80ed453df,polymarket,6.616250596378365,10.0,0.3,0.5,5.0,100.0,-5.0,3.0,True,True,9898.0509924578,-216.79844571166956,-264.47485896628586,95.35282650923261,1.5505603835028474e-20,36
0x260fd9d6b10746909a26c2af7a68b409f757c95a07dc57ddd480774a36c8399b,polymarket,0.01,0.00976046884286078,0.01,0.0,1e-06,32.03856948035646,-0.17267856306316975,1.5257567135937866,True,True,1507.5199316096111,-1365.9957369006731,-1412.6429480043985,93.29442220745068,4.29362375333892e-20,269
0x29f8437fee9a3c972bcdc483874dc6f5192142a2158e999ace849dedb342d671,polymarket,0.01,0.4564374206097387,0.09554511834263159,-0.3,1e-06,99.99990951104353,0.0,1.884487451117908,False,True,4340.244007207367,-740.1846834690894,-788.671153711465,96.97294048475123,6.954566764614588e-21,132
0x2edbdabce90c3dfa1125836396c80762fa3bf09eaf5e611e4a2fd4a13ce81c25,polymarket,0.01,10.0,0.4254937723476898,-0.3,5.0,100.0,5.0,3.0,True,True,27262.67635821157,-326.7654398407858,-211.10412702051687,0.0,1.0,21
0x3aacd25625f8dbf5bc0407d622067c2eb5706937a25cdba448f12aea6f38a2c3,polymarket,0.01,10.0,0.43123285532721733,-0.3,5.0,100.0,5.0,3.0,True,True,8619.382438876688,-195.9987524014261,-215.0995893719273,38.20167394100241,2.561801856263506e-08,22
0x4057c2528a3815d460f0c5889f52a914745b23400c4548804afee8f9c4a56ec3,polymarket,25.073659085833558,0.020194477465736334,0.9962283874499016,0.0,0.021133743967234025,5.136248725109767,-1.7219404664396498,0.10433128261197303,True,True,0.08269656117368689,-33.4940812454197,-41.42098806100419,15.853813631168975,0.0012149839030175093,194
0x42e7fa3bd683a276dae0292f0ab910ac18eb76ce7cf014ec9203f6539768735a,polymarket,0.01,4.987596894033786,0.2690559279960758,-0.3,1e-06,48.77360812480072,0.0,1.4345033067921154,True,True,706.3364650969705,-1090.2242198817194,-1188.4648593133952,196.4812788633517,2.428995858598664e-42,232
0x4a5b5f52c6e7f2af6b06462c92d12ea7bd1662c87be11828da0722ff32373b36,polymarket,0.01,3.3629740667235977,0.2582583040152805,0.5,1e-06,21.77506355585618,-2.9191823121128864,1.8445830520184079,True,True,2294.410290459649,-1142.275325805815,-1302.2447442272432,319.9388368428563,4.808271373369671e-69,216
0x4c21fdaee92538da1af2d227e7688673fe8789decff537003cd3b67b0ecb1b8d,polymarket,0.01,10.0,0.4245303427656193,-0.3,5.0,100.0,5.0,3.0,True,True,35797.59671327329,-1432.533382181069,-266.03750235805467,0.0,1.0,18
0x50555c7f34fc16f03d84dd3c5f416506e53455515a8ca82c0fa90a2f8cacb5d3,polymarket,0.01,10.0,0.25952994425776077,-0.3,5.0,100.0,5.0,3.0,True,True,19098.3298518317,-319.03812657888693,-243.78461853383016,0.0,1.0,21
0x5df9458d9918da733d784bc2a07768b293d10826385a3eb31dd716f99475dc79,polymarket,0.01,10.0,0.39910086974379255,-0.3,5.0,100.0,5.0,3.0,True,True,50497.857005439204,-624.4870220056113,-242.39754559304657,0.0,1.0,16
0x5e9dcbf5748f0d4df34dc4795add11e59d529dbd08bd597966e8cb83a266565a,polymarket,0.01,1.3174563685053968,0.12665662914402356,0.5,4.221512210824617,3.916933178508761,-3.18812459908004,2.011889192262311,True,True,27.50496435015224,-129.1971151088832,-130.56602644403685,2.7378226703073096,0.43383794674994525,42
0x642926331d650ed2e4e1da2593f388cd803b4f283e09218fc1c5de90087b585c,polymarket,23.097404098287452,0.39726428519816864,1.0,0.0,1e-06,5.923777812068388,-1.697041036913259,0.10814502482038733,True,True,0.4188814779854101,-190.8678506205746,-199.4703325513396,17.204963861530018,0.0006413499847133211,194
0x67a072e839762191a7931e405923110d52343ef6dc1d61cfc0720233951c03e4,polymarket,0.01,1.3554148269730497,0.1314974233651432,-0.3,1e-06,2.945112120902762,-4.960145076189869,2.9760840467988894,True,True,36.17564041056179,-131.74001290871234,-134.80754630367608,6.135066789927464,0.10522068385963429,41
0x692cf1efb4aeb95f38a02b2b06085fee7f0e531967e12b996d4a1efeb1d570cf,polymarket,0.01,9.999999859732371,0.21919601147905457,0.0,1e-06,99.99967095837404,4.76041982305352,2.8588034140059104,True,True,2946.8781334917885,-167.8227811067042,-204.27540587682853,72.90524954024863,1.0185554086894724e-15,31
0x70ee5e1d18a794f36d3c50b7215bd203e00f702d71fa0f0014466f98afe35a09,polymarket,0.01,10.0,0.23149931867570492,-0.3,1e-06,100.0,5.0,3.0,True,True,3555.64364240346,-170.72207117636506,-208.6545528092652,75.86496326580027,2.3643332337415257e-16,31
0x814f5f4ed96cc3666fc05923f42bb1fd7f9c436dfc923d06a624904bbe0b05f8,polymarket,0.01,8.866970663858769,0.01,0.0,5.0,87.48478037569234,4.088128652394471,2.4129249828339767,True,True,4399.880503819488,-196.47617037174172,-224.14837124497114,55.34440174645886,5.7974564428033265e-12,35
0x86797195cdde3c3a30e2b1b9503bc727fe787845228e9876ed9bc380aa021148,polymarket,0.01,10.0,0.10971370861445723,-0.3,5.0,100.0,5.0,3.0,True,True,11552.333846434693,-215.06950178091,-203.7591787581329,0.0,1.0,23
0x95153ddd005326dc5dcadbeccc51ffad40e0fa9dac5bd18b242b42eed61d3a6c,polymarket,0.01,9.990941472098008,0.01,-0.5,2.569543020176665,20.30052952570091,0.0,1.9175854427605132,True,True,15.26113731614881,-147.42444539621195,-152.6978879101859,10.546885027947894,0.014446198683031621,53
0x9876cd5626a39e33e073159b813199f48ee860c8279f67244ee085dc7a9f0b41,polymarket,50.0,9.999999882834938,0.01,-0.5,5.0,31.223764612249006,0.0,2.49510821243511,True,True,90.4571700781365,-135.8468922892552,-138.48799997385493,5.2822153691994345,0.15226058059890113,37
0x9d1f0296f3a016727193d2b45704e0debc3b8048fe0715f8bb1e91550d321872,polymarket,45.762409425794836,8.480312074723782,0.3,0.5,3.4074181840820152,93.71470436236677,-1.328453660122695,1.4257015592642597,True,True,85.95708685025778,-991.6746337297102,-1049.7815278472522,116.21378823508394,5.043771055613975e-25,272
0xa0811c97f529d627b7774a5b188e605736b745a1f892c39e16c5a022fdb84b8b,polymarket,13.284000352546727,0.22213226984158196,1.0,0.0,1e-06,4.556099241200736,2.97847072619747,1.44885377512856,True,True,8.634398879957882,-481.885411940897,-481.885411940845,0.0,1.0,193
0xa1d06c273030c75b85ecfee08b2ff1f0e510c07f12152f81c707eb83deaab8ba,polymarket,0.01,1.6864756522165616,0.18363708692265954,-0.3,5.0,3.27110260791577,-2.299828128188356,1.379874493828608,True,True,35.140750069456715,-147.1365313362388,-147.14946483671244,0.025867000947300767,0.9989020811329856,46
0xa81f535a21c9fc890b335131ad726476605c563ad6b9a096568a0556db26987a,polymarket,0.01,6.216607150087005,0.3,0.5,1e-06,56.664950312197156,-2.797659357667432,2.999999867280655,True,True,4708.309441401219,-446.2778562541566,-500.2094951908411,107.86327787336904,3.163264213382355e-23,79
0xac95a5009e493902628eaaa2138780fca5b5476825924ae7de023e8c65917662,polymarket,0.01,1.089912928381841,0.08628786960344048,0.5,2.3005748034210005,2.0152066847350887,-4.390480610575493,2.89439601374422,True,True,53.00655316644061,-166.80316911571404,-167.7675024690129,1.92866670659771,0.5873433812446118,49
0xb3b8ce34ae09a3d89aa860f033a2309b28f4712b1879bc5c6f787df3788e5d1d,polymarket,0.01,2.7804732177319034,0.22173532711512986,-0.3,2.5633219632199356,4.865717751801765,3.188435473566884,1.9130599771828056,True,True,26.292301295228746,-125.19664134462491,-126.50203335747537,2.610784025700923,0.45560210374204846,41
0xb3e11395bc67c2ad811de3ea4f58d47778e7a7d209eb73bc04a21c5a7472c186,polymarket,0.01,1.0046319007478774,0.1416805861212478,0.0,1e-06,19.77329585399986,1.640484558856709,1.1583468437856386,True,True,150.55209992893768,-710.651432151542,-802.9989347194115,184.69500513573894,8.540621254663179e-40,181
0xd4a957e7b51fc2e74c4f1909583972011772eda01aada975251aeaffbbc73f56,polymarket,0.01,10.0,0.4449475282985066,-0.3,5.0,100.0,5.0,3.0,True,True,12856.855706893519,-219.70705163525207,-211.1180277359059,0.0,1.0,24
0xdcb247a07c561e4d960cd5bd9346bfcd205a9ae6557263b390e93f9e90ca56ee,polymarket,0.01,5.156294664804491,0.28377999240875534,-0.3,1e-06,13.590915541117202,4.9952570391531905,2.997151544529617,True,True,429.02268115235984,-173.53857530437364,-187.65326108110335,28.22937155345943,3.2508737272257086e-06,39
0xdf3b361f2617570e0abc10ece5e350a979c5e1e58ad5a2b5147e023ade4d9311,polymarket,0.01,10.0,0.30394098689887655,-0.3,5.0,100.0,5.0,3.0,True,True,6741.59125467972,-197.91684286005085,-299.92649269382,204.01929966753835,5.710326271515615e-44,30
0xe83e0658c0c1cdfc4e2e4a82128307cc9b4c2cd0239c321f5a8f8a5ec38ae6b9,polymarket,0.01,9.999999995164016,0.335816270020472,-0.3,1e-06,99.98725483996178,4.178686842977315,2.5072136817567308,True,True,3581.934527921197,-154.32178187647722,-173.36920485767163,38.09484596238883,2.6987612838251616e-08,28
