ticker,platform,n_obs,sigma_bs,mse_bs,ll_bs,aic_bs,bic_bs,qlike_median_bs,qlike_mean_bs,mse_heston,ll_heston,aic_heston,bic_heston,qlike_median_heston,qlike_mean_heston,mse_bates,ll_bates,aic_bates,bic_bates,qlike_median_bates,qlike_mean_bates,lr_statistic,p_value_jump,feller_heston,feller_bates,converged_heston,converged_bates,near_resolution_frac
0x04787bbd66241501604f377f11b897879c1593b019bb3363dac0a73e99b4a131,polymarket,181,5.137858802126828,861.869237584349,-868.5267469270409,1739.0534938540818,1742.2519908853476,0.3542572409570943,0.46741969635698066,1132.7593137959125,-897.1269889411449,1804.2539778822897,1820.246463038619,0.06129357156374837,0.297652068761707,366.8209581792157,-791.2696593629016,1598.5393187258032,1624.1272949759298,4.082560708924594,1121.2864128153756,211.7146591564865,1.2405046652122436e-45,True,True,True,True,0.0
0x0b7c6545b913133ccde713feb3599cae65325030bbe3e1bdf99943e5f5ef3464,polymarket,39,9.999994784879071,16626.5308267734,-254.78953351257027,511.57906702514055,513.2426286712702,0.3677305197260149,0.41891181371221786,42576.91936918817,-329.35845248304014,668.7169049660803,677.0347131967285,14.599237463918037,15.828247490546765,4078.8608337860182,-217.8446842252642,451.6893684505284,464.9978616195655,10.8320225933014,10.532714259829318,223.0275365155519,4.448764665425033e-48,True,True,True,True,0.1111111111111111
0x0fb3a064027b95de36af33e6b88b9bbd56f9e80707fe828c542daa3bd38f9001,polymarket,30,9.999994784879071,13915.141485611946,-185.70384650934807,373.40769301869614,374.8088904003583,0.13656105217707215,0.27101972863409945,27121.630156433184,-200.9819658210702,411.9639316421404,418.96991855045115,7.858760011442965,13.6181293202455,4365.528091891611,-168.29165726416227,352.58331452832454,363.7928935816218,10.330374722057886,5892.44869490243,65.38061711381584,4.158535532544216e-14,True,True,True,True,0.16279069767441862
0x1070c27e30447364ed6602778729203d29aaa8860cb0a24779eb3a26f68b245f,polymarket,254,7.752549263801877,5408.428085340133,-1452.0660365265226,2906.132073053045,2909.669407320064,0.20069861027028435,0.24826200634632228,7922.249480737225,-1511.213868483167,3032.427736966334,3050.114408301427,2.427843445853023,2.179019577095751,3286.00009486732,-1388.7887218222245,2793.577443644449,2821.8761177805973,33.62929589505143,2582.4444470855883,244.85029332188515,8.503304061605448e-53,True,True,True,True,0.0
0x13d3e3531ecc4d6096ffe53c9a34f73ea56ed9b4404f87366e708d3d3a7be699,polymarket,263,7.62216972715355,5596.206416018769,-1508.005349354271,3018.010698708542,3021.5828527407198,0.3872023019545008,0.4372035379223673,7912.541336681317,-1562.5363920981972,3135.0727841963944,3152.9335543572834,1.2527015101397563,2.303429850059156,3854.249477467373,-1458.968277419386,2933.936554838772,2962.513787096194,22.891013929658616,1788.229680473502,207.1362293576226,1.210846452237272e-44,True,True,True,True,0.0
0x19120414e0b7b170bb81ab518317f6926c2bb633167e4b11981ef7c078cea739,polymarket,156,6.9027382946966505,4686.569541338916,-880.6459910926866,1763.2919821853732,1766.3418381926226,0.7458600118438132,1.4007592202968797,6089.987967225417,-904.6315505274365,1819.263101054873,1834.5123810911207,7.026016395708002,208.33662935996546,2212.2616162381823,-822.2682220496829,1660.5364440993658,1684.935292157362,2.930251690949543,200.88101433348228,164.72665695550722,1.7498297357046311e-35,True,True,True,True,0.041176470588235294
0x1e14c1e407a8aa7a727fadf74049b255a93f1c22f137d6a244ea64604b5b36d5,polymarket,116,7.55295911586807,8731.787318372908,-690.9309407779439,1383.8618815558877,1386.6154717469942,1.7104964993475815,1.5186573692121716,10931.48197215296,-705.8021831896993,1421.6043663793987,1435.3723173349306,1.5063899412415287,388.97276818086465,4670.835250813672,-654.7614119663717,1325.5228239327434,1347.5515454615943,0.20941429065105877,382.7739168581364,102.08154244665525,5.5447497126634005e-22,True,True,True,True,0.05223880597014925
0x1e3afb4a670b4c28b8a2742ef61830023bb39809260af94908392cc7c9fdb7ca,polymarket,20,9.999994784879071,20123.187916657957,-136.29602167634346,274.5920433526869,275.5877756262409,1.1609892572936835,1.1609892572936835,49538.651932058274,-181.61379818180097,373.22759636360195,378.2062577313719,0.6653566483450551,0.6653566483450551,16916.605179600032,-178.8712496191038,373.7424992382076,381.7083574266395,0.5869940993558287,0.5869940993558287,5.485097125394361,0.1395326964047666,True,True,True,True,0.1590909090909091
0x26000a18ec71be1c8dc92eeb52d274d561da9081bdae520968bb27f80ed453df,polymarket,36,9.999994784879071,15573.012063974958,-226.59616393215214,455.1923278643043,456.7758468027604,0.3260697201805526,0.4135712502283142,36895.046819504285,-264.47485896628586,538.9497179325717,546.8673126248523,5.029060786766273,6.591066413605372,9898.0509924578,-216.79844571166956,449.5968914233391,462.265042930988,3.147332486691048,3.728669352243459,95.35282650923261,1.5505603835028474e-20,True,True,True,True,0.1111111111111111
0x260fd9d6b10746909a26c2af7a68b409f757c95a07dc57ddd480774a36c8399b,polymarket,269,5.059013458370814,1872.8147015555946,-1395.1785649841083,2792.3571299682167,2795.9518413478186,0.1566600073050879,0.32545639682815936,2114.0910013365738,-1412.6429480043985,2835.285896008797,2853.259452906806,1.653200811435823,1.9148403499443192,1507.5199316096111,-1365.9957369006731,2747.9914738013463,2776.749164838161,12.208859747142744,193.84497931370336,93.29442220745068,4.29362375333892e-20,True,True,True,True,0.0
0x29f8437fee9a3c972bcdc483874dc6f5192142a2158e999ace849dedb342d671,polymarket,132,6.9879007513551565,7369.804494980282,-775.0395525906765,1552.079105181353,1554.9619071039394,1.797714996183236,1.5195539486021046,8863.408437140792,-788.671153711465,1587.34230742293,1601.7563170358617,2.47534983606783,194.053214314381,4340.244007207367,-740.1846834690894,1496.3693669381787,1519.4317823188696,0.6657969640124031,188.2003435416729,96.97294048475123,6.954566764614588e-21,True,False,True,True,0.0472972972972973
0x2edbdabce90c3dfa1125836396c80762fa3bf09eaf5e611e4a2fd4a13ce81c25,polymarket,21,9.999994784879071,33192.8986566125,-158.17516673973307,318.35033347946614,319.39485591718955,0.6422449897474629,0.6422449897474629,70603.03213680629,-211.10412702051687,432.20825404103374,437.43086622965086,42.7661223338436,42.7661223338436,27262.67635821157,-326.7654398407858,669.5308796815716,677.887059183359,39.777571153120846,39.777571153120846,0.0,1.0,True,True,True,True,0.1951219512195122
0x3aacd25625f8dbf5bc0407d622067c2eb5706937a25cdba448f12aea6f38a2c3,polymarket,22,9.999994784879071,12192.263640159672,-144.8011058957886,291.6022117915772,292.69325424493553,0.06491342182339599,0.06958843082560448,37018.42210048078,-215.0995893719273,440.1991787438546,445.6543910106462,23.230265736780105,23.120278914415216,8619.382438876688,-195.9987524014261,407.9975048028522,416.7258444297187,15.475769853019102,16.517816072946104,38.20167394100241,2.561801856263506e-08,True,True,True,True,0.16666666666666666
0x4057c2528a3815d460f0c5889f52a914745b23400c4548804afee8f9c4a56ec3,polymarket,194,0.764268039189724,0.09501164533085085,-46.95976163267916,95.91952326535832,99.18738142442164,0.06700200342275475,0.12779179685502112,0.08973839432989794,-41.42098806100419,92.84197612200838,109.18126691732502,0.05576075401858782,0.1158542032267178,0.08269656117368689,-33.4940812454197,82.9881624908394,109.13102776334603,2.1093888970004677,2.429944732500023,15.853813631168975,0.0012149839030175093,False,True,True,True,0.0
0x42e7fa3bd683a276dae0292f0ab910ac18eb76ce7cf014ec9203f6539768735a,polymarket,232,5.193688937968571,1319.683032523804,-1162.6707754483386,2327.3415508966773,2330.7882882683434,0.6468497683503898,0.5523846464412198,1604.2559442709294,-1188.4648593133952,2386.9297186267904,2404.163405485122,0.3133651004468385,1.5192505799473708,706.3364650969705,-1090.2242198817194,2196.4484397634387,2224.022338736769,5.254305547589528,297.83649790019774,196.4812788633517,2.428995858598664e-42,True,True,True,True,0.0
0x4a5b5f52c6e7f2af6b06462c92d12ea7bd1662c87be11828da0722ff32373b36,polymarket,216,8.233412758365512,5471.512380800825,-1236.0802402848917,2474.1604805697834,2477.5357589774676,0.5952918736418393,0.5574418737168899,8812.215116409332,-1302.2447442272432,2614.4894884544865,2631.3658804929073,1.0721319837476582,1.0159148000272322,2294.410290459649,-1142.275325805815,2300.55065161163,2327.5528788731035,6.486285360721134,935.6829702132577,319.9388368428563,4.808271373369671e-69,True,True,True,True,0.02531645569620253
0x4c21fdaee92538da1af2d227e7688673fe8789decff537003cd3b67b0ecb1b8d,polymarket,18,9.999994784879071,33769.86116124315,-168.06515068386844,338.1303013677369,339.02067312563304,,,73788.91950412955,-266.03750235805467,542.0750047161093,546.5268635055902,,,35797.59671327329,-1432.533382181069,2881.066764362138,2888.1897384253075,,,0.0,1.0,True,True,True,True,0.14285714285714285
0x50555c7f34fc16f03d84dd3c5f416506e53455515a8ca82c0fa90a2f8cacb5d3,polymarket,21,9.999994784879071,22034.411396917498,-160.64897212533083,323.29794425066166,324.34246668838506,0.02267661272620214,0.02267661272620214,54692.940040399386,-243.78461853383016,497.5692370676603,502.79184925627743,20.365408079805782,20.365408079805782,19098.3298518317,-319.03812657888693,654.0762531577739,662.4324326595613,20.365408079805782,20.365408079805782,0.0,1.0,True,True,True,True,0.35294117647058826
0x5df9458d9918da733d784bc2a07768b293d10826385a3eb31dd716f99475dc79,polymarket,16,9.999994784879071,43744.305352370895,-158.58115551338642,319.16231102677284,319.93489974901263,,,88492.60585126307,-242.39754559304657,494.79509118609315,498.65803479729203,,,50497.857005439204,-624.4870220056113,1264.9740440112225,1271.1547537891408,,,0.0,1.0,True,True,True,True,0.14285714285714285
0x5e9dcbf5748f0d4df34dc4795add11e59d529dbd08bd597966e8cb83a266565a,polymarket,42,2.709814358845899,30.910259161276322,-131.64826934492416,265.2965386898483,267.03420830813167,0.04963072137240088,0.06941402881660896,29.357550395707502,-130.56602644403685,271.1320528880737,279.82040097949056,0.016419724185214535,0.05606191870093375,27.50496435015224,-129.1971151088832,274.3942302177664,288.29558716403335,0.03770933276990818,0.09579480084729057,2.7378226703073096,0.43383794674994525,True,True,True,True,0.1590909090909091
0x642926331d650ed2e4e1da2593f388cd803b4f283e09218fc1c5de90087b585c,polymarket,194,1.0203656366841358,0.4750876058836573,-203.0812377658511,408.1624755317022,411.43033369076556,0.08808444103698365,0.20647746682937215,0.4577272091412529,-199.4703325513396,408.9406651026792,425.2799558979958,0.05515600885936456,0.1944280072287369,0.4188814779854101,-190.8678506205746,397.7357012411492,423.8785665136558,2.474455533541332,28.609146004128473,17.204963861530018,0.0006413499847133211,False,True,True,True,0.0
0x67a072e839762191a7931e405923110d52343ef6dc1d61cfc0720233951c03e4,polymarket,41,2.1732835591104713,53.153786184389865,-139.62686129205787,281.25372258411574,282.96729465082007,0.3969089478360064,0.4058969522684752,42.01811341301769,-134.80754630367608,279.61509260735215,288.1829529408737,10.553248779378766,888.3911087210344,36.17564041056179,-131.74001290871234,279.4800258174247,293.18860235105916,14.486138105520087,894.0097988660533,6.135066789927464,0.10522068385963429,True,True,True,True,0.14285714285714285
0x692cf1efb4aeb95f38a02b2b06085fee7f0e531967e12b996d4a1efeb1d570cf,polymarket,31,9.999994784879071,11555.295030093444,-188.99154939908928,379.98309879817856,381.4170860026637,0.35863418549649806,0.40435801458272397,22539.81775591996,-204.27540587682853,418.55081175365706,425.7207477760828,5.785383892873977,16.39885678538209,2946.8781334917885,-167.8227811067042,351.6455622134084,363.1174598492896,9.639100386086966,9236.056697882183,72.90524954024863,1.0185554086894724e-15,True,True,True,True,0.1590909090909091
0x70ee5e1d18a794f36d3c50b7215bd203e00f702d71fa0f0014466f98afe35a09,polymarket,31,9.999994784879071,17260.93962431994,-195.23660934803942,392.47321869607885,393.907205900564,1.123208470740962,1.10987110366205,31117.193416821636,-208.6545528092652,427.3091056185304,434.4790416409561,0.6468439689358608,0.6815802557965513,3555.64364240346,-170.72207117636506,357.4441423527301,368.9160399886113,1.2769017766897592,7335.573059385189,75.86496326580027,2.3643332337415257e-16,True,True,True,True,0.18
0x814f5f4ed96cc3666fc05923f42bb1fd7f9c436dfc923d06a624904bbe0b05f8,polymarket,35,9.87292147828459,7232.411303536081,-205.1735846927835,412.347169385567,413.9025174470564,0.07970117586177694,0.3412683253671814,14983.338734301755,-224.14837124497114,458.2967424899423,466.0734827973894,10.261037415227797,13.415590115638206,4399.880503819488,-196.47617037174172,408.95234074348343,421.3951252353987,5.8853197544660745,6.130352845966704,55.34440174645886,5.7974564428033265e-12,True,True,True,True,0.17073170731707318
0x86797195cdde3c3a30e2b1b9503bc727fe787845228e9876ed9bc380aa021148,polymarket,23,9.999994784879071,18718.950278245324,-154.30795997130997,310.61591994261994,311.7514141585491,0.06207671769486722,0.06207671769486722,46930.62380429984,-203.7591787581329,417.5183575162658,423.1958285959115,23.2685417012727,23.2685417012727,11552.333846434693,-215.06950178091,446.13900356182,455.2229572892532,22.0269108087723,22.0269108087723,0.0,1.0,True,True,True,True,0.14285714285714285
0x95153ddd005326dc5dcadbeccc51ffad40e0fa9dac5bd18b242b42eed61d3a6c,polymarket,53,2.8082161506118193,25.040843759096877,-160.54721067586178,323.09442135172355,325.06471326527566,0.07474241022463568,0.1279237684747068,18.619477935041278,-152.6978879101859,315.3957758203718,325.2472353881324,0.39108898018635996,0.6748131353716937,15.26113731614881,-147.42444539621195,310.8488907924239,326.6112261008409,0.4253014690745891,0.7186144633327208,10.546885027947894,0.014446198683031621,True,True,True,True,0.1111111111111111
0x9876cd5626a39e33e073159b813199f48ee860c8279f67244ee085dc7a9f0b41,polymarket,37,3.693592767984543,72.06750808064585,-131.63638662989695,265.2727732597939,266.8836911724381,0.062111111347806336,0.11778738935094747,101.23070623657331,-138.48799997385493,286.97599994770985,295.03058951093095,0.43669704628201067,0.590098922612219,90.4571700781365,-135.8468922892552,287.6937845785104,300.5811278796642,0.3335058571038859,0.5220474283132985,5.2822153691994345,0.15226058059890113,True,True,True,True,0.35294117647058826
0x9d1f0296f3a016727193d2b45704e0debc3b8048fe0715f8bb1e91550d321872,polymarket,272,3.9849478492405956,88.39925078552982,-995.4847162606694,1992.9694325213388,1996.575234587635,0.16769980259815387,0.2467895424948108,123.08851043152254,-1049.7815278472522,2109.5630556945043,2127.5920660259844,0.17932990476489663,0.43960987846506544,85.95708685025778,-991.6746337297102,1999.3492674594204,2028.1956839897884,0.2798372005748204,0.49702902593030596,116.21378823508394,5.043771055613975e-25,True,True,True,True,0.0
0xa0811c97f529d627b7774a5b188e605736b745a1f892c39e16c5a022fdb84b8b,polymarket,193,1.834422812645755,9.82006344406448,-494.3023986722995,990.604797344599,993.8674875335039,0.11736103376950902,0.29243290924730847,8.63439887995788,-481.885411940845,973.77082388169,990.0842748262145,2.6140803030136768,41.420782140595094,8.634398879957882,-481.885411940897,979.770823881794,1005.872345393033,2.6140809495548156,41.42078308504776,0.0,1.0,True,True,True,True,0.030927835051546393
0xa1d06c273030c75b85ecfee08b2ff1f0e510c07f12152f81c707eb83deaab8ba,polymarket,46,2.5907035551052915,35.03259001047423,-147.06558426963684,296.1311685392737,297.9598099357628,0.24807097000614942,0.25209451366877866,35.16058476173678,-147.14946483671244,304.2989296734249,313.44213665587034,0.3564569485392688,0.3582874673811812,35.140750069456715,-147.1365313362388,310.2730626724776,324.90219384439035,0.35779237176916956,0.37176798560579455,0.025867000947300767,0.9989020811329856,True,True,True,True,0.18
0xa81f535a21c9fc890b335131ad726476605c563ad6b9a096568a0556db26987a,polymarket,79,9.100718384396025,11737.562652518624,-482.23284784491557,966.4656956898311,968.8351435422982,0.9166237986066753,0.9743905753402229,17038.91140754077,-500.2094951908411,1010.4189903816822,1022.2662296440174,0.658397283705214,4.098190373956215,4708.309441401219,-446.2778562541566,908.5557125083131,927.5112953280493,1.3213644810126577,1139.1375976225427,107.86327787336904,3.163264213382355e-23,True,True,True,True,0.07446808510638298
0xac95a5009e493902628eaaa2138780fca5b5476825924ae7de023e8c65917662,polymarket,49,2.441316285614097,57.654403906503646,-168.86242066484303,339.72484132968606,341.6166616277967,0.33092619476025353,0.49537928695605554,55.134521078472844,-167.7675024690129,345.5350049380258,354.9941064285789,0.1853508220919281,0.7421980582286148,53.00655316644061,-166.80316911571404,349.6063382314281,364.74090061631307,0.03531268792653908,1.2706152623001696,1.92866670659771,0.5873433812446118,True,True,True,True,0.13725490196078433
0xb3b8ce34ae09a3d89aa860f033a2309b28f4712b1879bc5c6f787df3788e5d1d,polymarket,41,2.499160990816343,31.036835290432535,-128.59756191387942,259.19512382775883,260.90869589446316,0.08318360183310902,0.08012171446892073,28.020982671303067,-126.50203335747537,263.00406671495074,271.5719270484723,0.02353377220049302,0.15960606880402867,26.292301295228746,-125.19664134462491,266.3932826892498,280.1018592228843,0.11263238594027247,0.31892054807669246,2.610784025700923,0.45560210374204846,True,True,True,True,0.16279069767441862
0xb3e11395bc67c2ad811de3ea4f58d47778e7a7d209eb73bc04a21c5a7472c186,polymarket,181,4.206083943885327,352.0523402249702,-787.4999516920968,1576.9999033841937,1580.1984004154594,0.43010753696574966,0.3671617157526341,408.9577223275023,-802.9989347194115,1615.997869438823,1631.9903545951522,0.004095006794669898,0.26535181351224246,150.55209992893768,-710.651432151542,1437.302864303084,1462.8908405532106,4.810638134163853,661.5419973586396,184.69500513573894,8.540621254663179e-40,True,True,True,True,0.0
0xd4a957e7b51fc2e74c4f1909583972011772eda01aada975251aeaffbbc73f56,polymarket,24,9.999994784879071,22003.916176580864,-163.39675283575704,328.7935056715141,329.97155950186203,1.2600565863134698,1.2600565863134698,51967.42984238288,-211.1180277359059,432.2360554718118,438.12632462355157,0.49368942681943584,0.49368942681943584,12856.855706893519,-219.70705163525207,455.41410327050414,464.83853391328773,0.49368942681943584,0.49368942681943584,0.0,1.0,True,True,True,True,0.16326530612244897
0xdcb247a07c561e4d960cd5bd9346bfcd205a9ae6557263b390e93f9e90ca56ee,polymarket,39,4.712859624248045,712.8594065349761,-183.43964499109316,368.8792899821863,370.542851628316,0.5861855251193564,0.6542164932944241,854.6357451585217,-187.65326108110335,385.3065221622067,393.6243303928549,1.554774890761764,4.888671980704135,429.02268115235984,-173.53857530437364,363.0771506087473,376.3856437777844,5.75794081281807,674.1654821622022,28.22937155345943,3.2508737272257086e-06,True,True,True,True,0.17073170731707318
0xdf3b361f2617570e0abc10ece5e350a979c5e1e58ad5a2b5147e023ade4d9311,polymarket,30,9.999994784879071,17096.406798914322,-207.89908509025236,417.7981701805047,419.19936756216686,0.30460155564652525,0.30460155564652525,45471.162379319,-299.92649269382,609.85298538764,616.8589722959508,8.288368590552583,8.288368590552583,6741.59125467972,-197.91684286005085,411.8336857201017,423.04326477339896,7.554606108295666,7.554606108295666,204.01929966753835,5.710326271515615e-44,True,True,True,True,0.16326530612244897
0xe83e0658c0c1cdfc4e2e4a82128307cc9b4c2cd0239c321f5a8f8a5ec38ae6b9,polymarket,28,8.608303624028245,8545.715173839071,-166.47487294850023,334.94974589700047,336.28195040717566,0.5993769158375611,0.6751386882986979,12686.982954143434,-173.36920485767163,356.73840971534327,363.39943226621926,3.035745681975211,9.947968308705677,3581.934527921197,-154.32178187647722,324.64356375295444,335.30119983435605,5.063532625740977,4529.220847542944,38.09484596238883,2.6987612838251616e-08,True,True,True,True,0.35294117647058826
